start_time,end_time,state
0.0,1.2419871794871795,S1
1.2620192307692308,2.34375,systole
2.3637820512820515,2.4238782051282053,S2
2.443910256410257,5.30849358974359,diastole
5.328525641025641,5.428685897435898,S1
5.448717948717949,12.5,systole
