start_time,end_time,state
0.0,0.14022435897435898,S1
0.16025641025641027,0.20032051282051283,systole
0.22035256410256412,0.28044871794871795,S2
0.3004807692307693,0.3405448717948718,diastole
0.36057692307692313,0.4607371794871795,S1
0.48076923076923084,0.5809294871794872,systole
0.6009615384615385,0.6610576923076924,S2
0.6810897435897436,0.7211538461538463,diastole
0.7411858974358975,0.841346153846154,S1
0.8613782051282052,12.5,systole
