start_time,end_time,state
0.0,5.128205128205129,S1
5.14823717948718,5.208333333333334,S2
5.228365384615385,5.288461538461539,diastole
5.30849358974359,5.408653846153847,S1
5.428685897435898,5.448717948717949,systole
5.468750000000001,5.528846153846154,S2
5.548878205128205,5.6089743589743595,diastole
5.629006410256411,5.729166666666667,S1
5.749198717948718,5.789262820512821,systole
5.809294871794872,5.869391025641026,S2
5.8894230769230775,12.5,diastole
