start_time,end_time,state
0.0,2.043269230769231,S1
2.0633012820512824,2.1634615384615388,systole
2.18349358974359,2.2435897435897436,S2
2.263621794871795,2.263621794871795,diastole
2.2836538461538463,2.3838141025641026,S1
2.403846153846154,12.5,systole
