start_time,end_time,state
0.0,0.22035256410256412,S1
0.24038461538461542,0.420673076923077,systole
0.44070512820512825,0.500801282051282,S2
0.5208333333333334,0.6610576923076924,diastole
0.6810897435897436,0.7812500000000001,S1
0.8012820512820513,0.9815705128205129,systole
1.001602564102564,1.061698717948718,S2
1.0817307692307694,1.2620192307692308,diastole
1.2820512820512822,1.3822115384615385,S1
1.4022435897435899,12.5,systole
