start_time,end_time,state
0.0,0.22035256410256412,S1
0.24038461538461542,0.420673076923077,systole
0.44070512820512825,0.500801282051282,S2
0.5208333333333334,0.8012820512820513,diastole
0.8213141025641026,0.921474358974359,S1
0.9415064102564104,1.1418269230769231,systole
1.1618589743589745,1.2219551282051284,S2
1.2419871794871795,1.5024038461538463,diastole
1.5224358974358976,1.622596153846154,S1
1.6426282051282053,12.5,systole
