start_time,end_time,state
0.0,7.471955128205129,S1
7.49198717948718,7.832532051282052,systole
7.852564102564103,7.892628205128206,S2
7.912660256410257,7.992788461538463,S1
8.012820512820513,8.072916666666668,S2
8.092948717948719,12.5,diastole
