start_time,end_time,state
0.0,0.18028846153846156,S1
0.20032051282051283,0.3405448717948718,systole
0.36057692307692313,0.420673076923077,S2
0.44070512820512825,0.5809294871794872,diastole
0.6009615384615385,0.7011217948717949,S1
0.7211538461538463,0.8613782051282052,systole
0.8814102564102565,0.9415064102564104,S2
0.9615384615384617,1.1217948717948718,diastole
1.1418269230769231,1.2419871794871795,S1
1.2620192307692308,12.5,systole
