start_time,end_time,state
0.0,0.20032051282051283,S1
0.22035256410256412,0.36057692307692313,systole
0.3806089743589744,0.44070512820512825,S2
0.4607371794871795,0.6009615384615385,diastole
0.6209935897435898,0.7211538461538463,S1
0.7411858974358975,0.8814102564102565,systole
0.9014423076923078,0.9615384615384617,S2
0.9815705128205129,1.1418269230769231,diastole
1.1618589743589745,1.2620192307692308,S1
1.2820512820512822,12.5,systole
