start_time,end_time,state
0.0,0.14022435897435898,S1
0.16025641025641027,0.18028846153846156,systole
0.20032051282051283,0.2604166666666667,S2
0.28044871794871795,0.3806089743589744,S1
0.40064102564102566,0.44070512820512825,systole
0.4607371794871795,0.5208333333333334,S2
0.5408653846153847,0.6410256410256411,S1
0.6610576923076924,0.6610576923076924,systole
0.6810897435897436,0.7411858974358975,S2
0.7612179487179488,12.5,diastole
